[
  {
    "name": "contact",
    "path": "/contact",
    "component": "/Users/Nicolas/maisonblanche/pages/contact.vue",
    "chunkName": "pages/contact",
    "_name": "_2a270952"
  },
  {
    "name": "evenements",
    "path": "/evenements",
    "component": "/Users/Nicolas/maisonblanche/pages/evenements/index.vue",
    "chunkName": "pages/evenements/index",
    "_name": "_44c8886b"
  },
  {
    "name": "reservation",
    "path": "/reservation",
    "component": "/Users/Nicolas/maisonblanche/pages/reservation.vue",
    "chunkName": "pages/reservation",
    "_name": "_cbc2d404"
  },
  {
    "name": "evenements-slug",
    "path": "/evenements/:slug",
    "component": "/Users/Nicolas/maisonblanche/pages/evenements/_slug.vue",
    "chunkName": "pages/evenements/_slug",
    "_name": "_4311e723"
  },
  {
    "name": "index",
    "path": "/",
    "component": "/Users/Nicolas/maisonblanche/pages/index.vue",
    "chunkName": "pages/index",
    "_name": "_5a194384"
  }
]
